category,n_label,ratio,instance,n,capacity,algorithm,runtime_ms,result,skipped
00Uncorrelated,n00050,R01000,s000,50,14778,BruteForce,,,True
00Uncorrelated,n00050,R01000,s000,50,14778,Memoization,205.8208,20995,False
00Uncorrelated,n00050,R01000,s000,50,14778,Tabulation,217.5538,20995,False
00Uncorrelated,n00050,R01000,s000,50,14778,SpaceOptimised,157.6606,20995,False
00Uncorrelated,n00050,R01000,s000,50,14778,Greedy,0.054,20995,False
00Uncorrelated,n00050,R01000,s000,50,14778,FPTAS,22.612,20918,False
00Uncorrelated,n00050,R10000,s000,50,147678,BruteForce,,,True
00Uncorrelated,n00050,R10000,s000,50,147678,Memoization,2757.0429,209818,False
00Uncorrelated,n00050,R10000,s000,50,147678,Tabulation,2172.3977,209818,False
00Uncorrelated,n00050,R10000,s000,50,147678,SpaceOptimised,1574.3871,209818,False
00Uncorrelated,n00050,R10000,s000,50,147678,Greedy,0.0272,209818,False
00Uncorrelated,n00050,R10000,s000,50,147678,FPTAS,24.1614,209041,False
00Uncorrelated,n00100,R01000,s000,100,22545,BruteForce,,,True
00Uncorrelated,n00100,R01000,s000,100,22545,Memoization,941.0964,46537,False
00Uncorrelated,n00100,R01000,s000,100,22545,Tabulation,844.4489,46537,False
00Uncorrelated,n00100,R01000,s000,100,22545,SpaceOptimised,697.7501,46537,False
00Uncorrelated,n00100,R01000,s000,100,22545,Greedy,0.0569,46365,False
00Uncorrelated,n00100,R01000,s000,100,22545,FPTAS,245.6527,46452,False
00Uncorrelated,n00100,R10000,s000,100,225238,BruteForce,,,True
00Uncorrelated,n00100,R10000,s000,100,225238,Memoization,,,True
00Uncorrelated,n00100,R10000,s000,100,225238,Tabulation,7534.8151,465424,False
00Uncorrelated,n00100,R10000,s000,100,225238,SpaceOptimised,6299.7626,465424,False
00Uncorrelated,n00100,R10000,s000,100,225238,Greedy,0.0913,464448,False
00Uncorrelated,n00100,R10000,s000,100,225238,FPTAS,219.6452,464699,False
00Uncorrelated,n00200,R01000,s000,200,50310,BruteForce,,,True
00Uncorrelated,n00200,R01000,s000,200,50310,Memoization,4950.3964,84317,False
00Uncorrelated,n00200,R01000,s000,200,50310,Tabulation,3521.1777,84317,False
00Uncorrelated,n00200,R01000,s000,200,50310,SpaceOptimised,2293.6071,84317,False
00Uncorrelated,n00200,R01000,s000,200,50310,Greedy,0.2482,84208,False
00Uncorrelated,n00200,R01000,s000,200,50310,FPTAS,1665.9431,84235,False
00Uncorrelated,n00200,R10000,s000,200,502675,BruteForce,,,True
00Uncorrelated,n00200,R10000,s000,200,502675,Memoization,,,True
00Uncorrelated,n00200,R10000,s000,200,502675,Tabulation,,,True
00Uncorrelated,n00200,R10000,s000,200,502675,SpaceOptimised,22193.0873,843127,False
00Uncorrelated,n00200,R10000,s000,200,502675,Greedy,0.0904,843127,False
00Uncorrelated,n00200,R10000,s000,200,502675,FPTAS,1565.4433,842359,False
00Uncorrelated,n00500,R01000,s000,500,118694,BruteForce,,,True
00Uncorrelated,n00500,R01000,s000,500,118694,Memoization,,,True
00Uncorrelated,n00500,R01000,s000,500,118694,Tabulation,,,True
00Uncorrelated,n00500,R01000,s000,500,118694,SpaceOptimised,13178.3329,207992,False
00Uncorrelated,n00500,R01000,s000,500,118694,Greedy,0.1877,207992,False
00Uncorrelated,n00500,R01000,s000,500,118694,FPTAS,21580.7493,207992,False
00Uncorrelated,n00500,R10000,s000,500,1185848,BruteForce,,,True
00Uncorrelated,n00500,R10000,s000,500,1185848,Memoization,,,True
00Uncorrelated,n00500,R10000,s000,500,1185848,Tabulation,,,True
00Uncorrelated,n00500,R10000,s000,500,1185848,SpaceOptimised,126167.6672,2078639,False
00Uncorrelated,n00500,R10000,s000,500,1185848,Greedy,0.4605,2078496,False
00Uncorrelated,n00500,R10000,s000,500,1185848,FPTAS,22627.2692,2077820,False
01WeaklyCorrelated,n00050,R01000,s000,50,14239,BruteForce,,,True
01WeaklyCorrelated,n00050,R01000,s000,50,14239,Memoization,231.0462,15768,False
01WeaklyCorrelated,n00050,R01000,s000,50,14239,Tabulation,203.2002,15768,False
01WeaklyCorrelated,n00050,R01000,s000,50,14239,SpaceOptimised,155.3175,15768,False
01WeaklyCorrelated,n00050,R01000,s000,50,14239,Greedy,0.0282,15712,False
01WeaklyCorrelated,n00050,R01000,s000,50,14239,FPTAS,25.0687,15705,False
01WeaklyCorrelated,n00050,R10000,s000,50,142283,BruteForce,,,True
01WeaklyCorrelated,n00050,R10000,s000,50,142283,Memoization,2240.2905,157504,False
01WeaklyCorrelated,n00050,R10000,s000,50,142283,Tabulation,2062.3258,157504,False
01WeaklyCorrelated,n00050,R10000,s000,50,142283,SpaceOptimised,1469.6477,157504,False
01WeaklyCorrelated,n00050,R10000,s000,50,142283,Greedy,0.0256,156931,False
01WeaklyCorrelated,n00050,R10000,s000,50,142283,FPTAS,25.7717,156884,False
01WeaklyCorrelated,n00100,R01000,s000,100,29017,BruteForce,,,True
01WeaklyCorrelated,n00100,R01000,s000,100,29017,Memoization,1212.1465,31064,False
01WeaklyCorrelated,n00100,R01000,s000,100,29017,Tabulation,859.509,31064,False
01WeaklyCorrelated,n00100,R01000,s000,100,29017,SpaceOptimised,593.6335,31064,False
01WeaklyCorrelated,n00100,R01000,s000,100,29017,Greedy,0.0463,31012,False
01WeaklyCorrelated,n00100,R01000,s000,100,29017,FPTAS,201.5209,31007,False
01WeaklyCorrelated,n00100,R10000,s000,100,289961,BruteForce,,,True
01WeaklyCorrelated,n00100,R10000,s000,100,289961,Memoization,,,True
01WeaklyCorrelated,n00100,R10000,s000,100,289961,Tabulation,10666.5947,310315,False
01WeaklyCorrelated,n00100,R10000,s000,100,289961,SpaceOptimised,6894.391,310315,False
01WeaklyCorrelated,n00100,R10000,s000,100,289961,Greedy,0.1358,309795,False
01WeaklyCorrelated,n00100,R10000,s000,100,289961,FPTAS,222.5731,309745,False
01WeaklyCorrelated,n00200,R01000,s000,200,51563,BruteForce,,,True
01WeaklyCorrelated,n00200,R01000,s000,200,51563,Memoization,5777.47,56976,False
01WeaklyCorrelated,n00200,R01000,s000,200,51563,Tabulation,3729.7625,56976,False
01WeaklyCorrelated,n00200,R01000,s000,200,51563,SpaceOptimised,2349.7259,56976,False
01WeaklyCorrelated,n00200,R01000,s000,200,51563,Greedy,0.18,56963,False
01WeaklyCorrelated,n00200,R01000,s000,200,51563,FPTAS,1562.2725,56907,False
01WeaklyCorrelated,n00200,R10000,s000,200,515200,BruteForce,,,True
01WeaklyCorrelated,n00200,R10000,s000,200,515200,Memoization,,,True
01WeaklyCorrelated,n00200,R10000,s000,200,515200,Tabulation,,,True
01WeaklyCorrelated,n00200,R10000,s000,200,515200,SpaceOptimised,22668.7769,569063,False
01WeaklyCorrelated,n00200,R10000,s000,200,515200,Greedy,0.1567,568870,False
01WeaklyCorrelated,n00200,R10000,s000,200,515200,FPTAS,1534.49,568372,False
01WeaklyCorrelated,n00500,R01000,s000,500,127278,BruteForce,,,True
01WeaklyCorrelated,n00500,R01000,s000,500,127278,Memoization,,,True
01WeaklyCorrelated,n00500,R01000,s000,500,127278,Tabulation,,,True
01WeaklyCorrelated,n00500,R01000,s000,500,127278,SpaceOptimised,13993.6839,139258,False
01WeaklyCorrelated,n00500,R01000,s000,500,127278,Greedy,0.384,139250,False
01WeaklyCorrelated,n00500,R01000,s000,500,127278,FPTAS,21847.0993,139191,False
01WeaklyCorrelated,n00500,R10000,s000,500,1271685,BruteForce,,,True
01WeaklyCorrelated,n00500,R10000,s000,500,1271685,Memoization,,,True
01WeaklyCorrelated,n00500,R10000,s000,500,1271685,Tabulation,,,True
01WeaklyCorrelated,n00500,R10000,s000,500,1271685,SpaceOptimised,136084.3684,1390993,False
01WeaklyCorrelated,n00500,R10000,s000,500,1271685,Greedy,0.3835,1390908,False
01WeaklyCorrelated,n00500,R10000,s000,500,1271685,FPTAS,21919.5446,1390336,False
02StronglyCorrelated,n00050,R01000,s000,50,14239,BruteForce,,,True
02StronglyCorrelated,n00050,R01000,s000,50,14239,Memoization,192.9957,17539,False
02StronglyCorrelated,n00050,R01000,s000,50,14239,Tabulation,209.0292,17539,False
02StronglyCorrelated,n00050,R01000,s000,50,14239,SpaceOptimised,141.3608,17539,False
02StronglyCorrelated,n00050,R01000,s000,50,14239,Greedy,0.0274,17176,False
02StronglyCorrelated,n00050,R01000,s000,50,14239,FPTAS,27.0235,17452,False
02StronglyCorrelated,n00050,R10000,s000,50,142283,BruteForce,,,True
02StronglyCorrelated,n00050,R10000,s000,50,142283,Memoization,2258.7312,175283,False
02StronglyCorrelated,n00050,R10000,s000,50,142283,Tabulation,2045.9472,175283,False
02StronglyCorrelated,n00050,R10000,s000,50,142283,SpaceOptimised,1484.6114,175283,False
02StronglyCorrelated,n00050,R10000,s000,50,142283,Greedy,0.0541,171618,False
02StronglyCorrelated,n00050,R10000,s000,50,142283,FPTAS,27.9301,174439,False
02StronglyCorrelated,n00100,R01000,s000,100,29017,BruteForce,,,True
02StronglyCorrelated,n00100,R01000,s000,100,29017,Memoization,1230.8049,35617,False
02StronglyCorrelated,n00100,R01000,s000,100,29017,Tabulation,848.5813,35617,False
02StronglyCorrelated,n00100,R01000,s000,100,29017,SpaceOptimised,617.0151,35617,False
02StronglyCorrelated,n00100,R01000,s000,100,29017,Greedy,0.0894,35372,False
02StronglyCorrelated,n00100,R01000,s000,100,29017,FPTAS,223.0288,35518,False
02StronglyCorrelated,n00100,R10000,s000,100,289961,BruteForce,,,True
02StronglyCorrelated,n00100,R10000,s000,100,289961,Memoization,,,True
02StronglyCorrelated,n00100,R10000,s000,100,289961,Tabulation,8631.8907,355961,False
02StronglyCorrelated,n00100,R10000,s000,100,289961,SpaceOptimised,6120.1377,355961,False
02StronglyCorrelated,n00100,R10000,s000,100,289961,Greedy,0.115,353438,False
02StronglyCorrelated,n00100,R10000,s000,100,289961,FPTAS,229.539,355064,False
02StronglyCorrelated,n00200,R01000,s000,200,51563,BruteForce,,,True
02StronglyCorrelated,n00200,R01000,s000,200,51563,Memoization,4536.4614,65363,False
02StronglyCorrelated,n00200,R01000,s000,200,51563,Tabulation,3095.7511,65363,False
02StronglyCorrelated,n00200,R01000,s000,200,51563,SpaceOptimised,2198.114,65363,False
02StronglyCorrelated,n00200,R01000,s000,200,51563,Greedy,0.1746,64949,False
02StronglyCorrelated,n00200,R01000,s000,200,51563,FPTAS,1718.5642,65261,False
02StronglyCorrelated,n00200,R10000,s000,200,515200,BruteForce,,,True
02StronglyCorrelated,n00200,R10000,s000,200,515200,Memoization,,,True
02StronglyCorrelated,n00200,R10000,s000,200,515200,Tabulation,,,True
02StronglyCorrelated,n00200,R10000,s000,200,515200,SpaceOptimised,22126.1627,653200,False
02StronglyCorrelated,n00200,R10000,s000,200,515200,Greedy,0.1736,648884,False
02StronglyCorrelated,n00200,R10000,s000,200,515200,FPTAS,1790.6198,652367,False
02StronglyCorrelated,n00500,R01000,s000,500,127278,BruteForce,,,True
02StronglyCorrelated,n00500,R01000,s000,500,127278,Memoization,,,True
02StronglyCorrelated,n00500,R01000,s000,500,127278,Tabulation,,,True
02StronglyCorrelated,n00500,R01000,s000,500,127278,SpaceOptimised,13804.0283,162178,False
02StronglyCorrelated,n00500,R01000,s000,500,127278,Greedy,0.4426,161954,False
02StronglyCorrelated,n00500,R01000,s000,500,127278,FPTAS,25757.9432,162089,False
02StronglyCorrelated,n00500,R10000,s000,500,1271685,BruteForce,,,True
02StronglyCorrelated,n00500,R10000,s000,500,1271685,Memoization,,,True
02StronglyCorrelated,n00500,R10000,s000,500,1271685,Tabulation,,,True
02StronglyCorrelated,n00500,R10000,s000,500,1271685,SpaceOptimised,139920.3307,1620685,False
02StronglyCorrelated,n00500,R10000,s000,500,1271685,Greedy,0.5625,1617984,False
02StronglyCorrelated,n00500,R10000,s000,500,1271685,FPTAS,27213.1281,1619695,False
03InverseStronglyCorrelated,n00050,R01000,s000,50,16714,BruteForce,,,True
03InverseStronglyCorrelated,n00050,R01000,s000,50,16714,Memoization,257.7868,14914,False
03InverseStronglyCorrelated,n00050,R01000,s000,50,16714,Tabulation,245.4977,14914,False
03InverseStronglyCorrelated,n00050,R01000,s000,50,16714,SpaceOptimised,177.1555,14914,False
03InverseStronglyCorrelated,n00050,R01000,s000,50,16714,Greedy,0.0325,14902,False
03InverseStronglyCorrelated,n00050,R01000,s000,50,16714,FPTAS,23.4266,14872,False
03InverseStronglyCorrelated,n00050,R10000,s000,50,167036,BruteForce,,,True
03InverseStronglyCorrelated,n00050,R10000,s000,50,167036,Memoization,3210.4708,149036,False
03InverseStronglyCorrelated,n00050,R10000,s000,50,167036,Tabulation,2531.5999,149036,False
03InverseStronglyCorrelated,n00050,R10000,s000,50,167036,SpaceOptimised,1774.748,149036,False
03InverseStronglyCorrelated,n00050,R10000,s000,50,167036,Greedy,0.0299,148936,False
03InverseStronglyCorrelated,n00050,R10000,s000,50,167036,FPTAS,21.749,148599,False
03InverseStronglyCorrelated,n00100,R01000,s000,100,33968,BruteForce,,,True
03InverseStronglyCorrelated,n00100,R01000,s000,100,33968,Memoization,1462.5704,30468,False
03InverseStronglyCorrelated,n00100,R01000,s000,100,33968,Tabulation,996.6923,30468,False
03InverseStronglyCorrelated,n00100,R01000,s000,100,33968,SpaceOptimised,732.5486,30468,False
03InverseStronglyCorrelated,n00100,R01000,s000,100,33968,Greedy,0.082,30463,False
03InverseStronglyCorrelated,n00100,R01000,s000,100,33968,FPTAS,192.7367,30425,False
03InverseStronglyCorrelated,n00100,R10000,s000,100,339466,BruteForce,,,True
03InverseStronglyCorrelated,n00100,R10000,s000,100,339466,Memoization,,,True
03InverseStronglyCorrelated,n00100,R10000,s000,100,339466,Tabulation,,,True
03InverseStronglyCorrelated,n00100,R10000,s000,100,339466,SpaceOptimised,7383.2853,304466,False
03InverseStronglyCorrelated,n00100,R10000,s000,100,339466,Greedy,0.0581,304413,False
03InverseStronglyCorrelated,n00100,R10000,s000,100,339466,FPTAS,197.8892,304120,False
03InverseStronglyCorrelated,n00200,R01000,s000,200,61464,BruteForce,,,True
03InverseStronglyCorrelated,n00200,R01000,s000,200,61464,Memoization,5337.4302,54964,False
03InverseStronglyCorrelated,n00200,R01000,s000,200,61464,Tabulation,3649.828,54964,False
03InverseStronglyCorrelated,n00200,R01000,s000,200,61464,SpaceOptimised,2610.2293,54964,False
03InverseStronglyCorrelated,n00200,R01000,s000,200,61464,Greedy,0.0835,54964,False
03InverseStronglyCorrelated,n00200,R01000,s000,200,61464,FPTAS,1445.2438,54920,False
03InverseStronglyCorrelated,n00200,R10000,s000,200,614209,BruteForce,,,True
03InverseStronglyCorrelated,n00200,R10000,s000,200,614209,Memoization,,,True
03InverseStronglyCorrelated,n00200,R10000,s000,200,614209,Tabulation,,,True
03InverseStronglyCorrelated,n00200,R10000,s000,200,614209,SpaceOptimised,26524.037,549209,False
03InverseStronglyCorrelated,n00200,R10000,s000,200,614209,Greedy,0.2455,549205,False
03InverseStronglyCorrelated,n00200,R10000,s000,200,614209,FPTAS,1432.0962,548861,False
03InverseStronglyCorrelated,n00500,R01000,s000,500,152031,BruteForce,,,True
03InverseStronglyCorrelated,n00500,R01000,s000,500,152031,Memoization,,,True
03InverseStronglyCorrelated,n00500,R01000,s000,500,152031,Tabulation,,,True
03InverseStronglyCorrelated,n00500,R01000,s000,500,152031,SpaceOptimised,16514.2189,136031,False
03InverseStronglyCorrelated,n00500,R01000,s000,500,152031,Greedy,0.1968,136029,False
03InverseStronglyCorrelated,n00500,R01000,s000,500,152031,FPTAS,20521.2603,136031,False
03InverseStronglyCorrelated,n00500,R10000,s000,500,1519210,BruteForce,,,True
03InverseStronglyCorrelated,n00500,R10000,s000,500,1519210,Memoization,,,True
03InverseStronglyCorrelated,n00500,R10000,s000,500,1519210,Tabulation,,,True
03InverseStronglyCorrelated,n00500,R10000,s000,500,1519210,SpaceOptimised,164933.6719,1359210,False
03InverseStronglyCorrelated,n00500,R10000,s000,500,1519210,Greedy,0.3096,1359202,False
03InverseStronglyCorrelated,n00500,R10000,s000,500,1519210,FPTAS,22589.3861,1358825,False
04AlmostStronglyCorrelated,n00050,R01000,s000,50,14239,BruteForce,,,True
04AlmostStronglyCorrelated,n00050,R01000,s000,50,14239,Memoization,203.7189,17556,False
04AlmostStronglyCorrelated,n00050,R01000,s000,50,14239,Tabulation,208.4561,17556,False
04AlmostStronglyCorrelated,n00050,R01000,s000,50,14239,SpaceOptimised,142.6251,17556,False
04AlmostStronglyCorrelated,n00050,R01000,s000,50,14239,Greedy,0.0543,17188,False
04AlmostStronglyCorrelated,n00050,R01000,s000,50,14239,FPTAS,26.3038,17463,False
04AlmostStronglyCorrelated,n00050,R10000,s000,50,142283,BruteForce,,,True
04AlmostStronglyCorrelated,n00050,R10000,s000,50,142283,Memoization,2290.1566,175434,False
04AlmostStronglyCorrelated,n00050,R10000,s000,50,142283,Tabulation,2052.1701,175434,False
04AlmostStronglyCorrelated,n00050,R10000,s000,50,142283,SpaceOptimised,1495.0021,175434,False
04AlmostStronglyCorrelated,n00050,R10000,s000,50,142283,Greedy,0.0412,171735,False
04AlmostStronglyCorrelated,n00050,R10000,s000,50,142283,FPTAS,26.5059,174412,False
04AlmostStronglyCorrelated,n00100,R01000,s000,100,29017,BruteForce,,,True
04AlmostStronglyCorrelated,n00100,R01000,s000,100,29017,Memoization,1253.6532,35611,False
04AlmostStronglyCorrelated,n00100,R01000,s000,100,29017,Tabulation,852.897,35611,False
04AlmostStronglyCorrelated,n00100,R01000,s000,100,29017,SpaceOptimised,620.398,35611,False
04AlmostStronglyCorrelated,n00100,R01000,s000,100,29017,Greedy,0.0887,35363,False
04AlmostStronglyCorrelated,n00100,R01000,s000,100,29017,FPTAS,228.8057,35518,False
04AlmostStronglyCorrelated,n00100,R10000,s000,100,289961,BruteForce,,,True
04AlmostStronglyCorrelated,n00100,R10000,s000,100,289961,Memoization,,,True
04AlmostStronglyCorrelated,n00100,R10000,s000,100,289961,Tabulation,8797.5841,355902,False
04AlmostStronglyCorrelated,n00100,R10000,s000,100,289961,SpaceOptimised,6371.9897,355902,False
04AlmostStronglyCorrelated,n00100,R10000,s000,100,289961,Greedy,0.1618,353349,False
04AlmostStronglyCorrelated,n00100,R10000,s000,100,289961,FPTAS,234.0213,354934,False
04AlmostStronglyCorrelated,n00200,R01000,s000,200,51563,BruteForce,,,True
04AlmostStronglyCorrelated,n00200,R01000,s000,200,51563,Memoization,4403.5891,65385,False
04AlmostStronglyCorrelated,n00200,R01000,s000,200,51563,Tabulation,3196.6634,65385,False
04AlmostStronglyCorrelated,n00200,R01000,s000,200,51563,SpaceOptimised,2198.1667,65385,False
04AlmostStronglyCorrelated,n00200,R01000,s000,200,51563,Greedy,0.1834,64954,False
04AlmostStronglyCorrelated,n00200,R01000,s000,200,51563,FPTAS,1808.6772,65287,False
04AlmostStronglyCorrelated,n00200,R10000,s000,200,515200,BruteForce,,,True
04AlmostStronglyCorrelated,n00200,R10000,s000,200,515200,Memoization,,,True
04AlmostStronglyCorrelated,n00200,R10000,s000,200,515200,Tabulation,,,True
04AlmostStronglyCorrelated,n00200,R10000,s000,200,515200,SpaceOptimised,22658.2075,653374,False
04AlmostStronglyCorrelated,n00200,R10000,s000,200,515200,Greedy,0.0987,648911,False
04AlmostStronglyCorrelated,n00200,R10000,s000,200,515200,FPTAS,1802.1485,652448,False
04AlmostStronglyCorrelated,n00500,R01000,s000,500,127278,BruteForce,,,True
04AlmostStronglyCorrelated,n00500,R01000,s000,500,127278,Memoization,,,True
04AlmostStronglyCorrelated,n00500,R01000,s000,500,127278,Tabulation,,,True
04AlmostStronglyCorrelated,n00500,R01000,s000,500,127278,SpaceOptimised,13858.8808,162154,False
04AlmostStronglyCorrelated,n00500,R01000,s000,500,127278,Greedy,0.4714,161937,False
04AlmostStronglyCorrelated,n00500,R01000,s000,500,127278,FPTAS,27457.1535,162058,False
04AlmostStronglyCorrelated,n00500,R10000,s000,500,1271685,BruteForce,,,True
04AlmostStronglyCorrelated,n00500,R10000,s000,500,1271685,Memoization,,,True
04AlmostStronglyCorrelated,n00500,R10000,s000,500,1271685,Tabulation,,,True
04AlmostStronglyCorrelated,n00500,R10000,s000,500,1271685,SpaceOptimised,137419.3386,1620468,False
04AlmostStronglyCorrelated,n00500,R10000,s000,500,1271685,Greedy,0.4458,1617638,False
04AlmostStronglyCorrelated,n00500,R10000,s000,500,1271685,FPTAS,27655.588,1619472,False
05SubsetSum,n00050,R01000,s000,50,14239,BruteForce,,,True
05SubsetSum,n00050,R01000,s000,50,14239,Memoization,197.2966,14239,False
05SubsetSum,n00050,R01000,s000,50,14239,Tabulation,214.9685,14239,False
05SubsetSum,n00050,R01000,s000,50,14239,SpaceOptimised,144.3962,14239,False
05SubsetSum,n00050,R01000,s000,50,14239,Greedy,0.0443,14172,False
05SubsetSum,n00050,R01000,s000,50,14239,FPTAS,24.2684,14209,False
05SubsetSum,n00050,R10000,s000,50,142283,BruteForce,,,True
05SubsetSum,n00050,R10000,s000,50,142283,Memoization,2246.0745,142283,False
05SubsetSum,n00050,R10000,s000,50,142283,Tabulation,2069.4206,142283,False
05SubsetSum,n00050,R10000,s000,50,142283,SpaceOptimised,1474.2345,142283,False
05SubsetSum,n00050,R10000,s000,50,142283,Greedy,0.0606,141581,False
05SubsetSum,n00050,R10000,s000,50,142283,FPTAS,25.9669,141965,False
05SubsetSum,n00100,R01000,s000,100,29017,BruteForce,,,True
05SubsetSum,n00100,R01000,s000,100,29017,Memoization,1239.0761,29017,False
05SubsetSum,n00100,R01000,s000,100,29017,Tabulation,849.6125,29017,False
05SubsetSum,n00100,R01000,s000,100,29017,SpaceOptimised,604.2833,29017,False
05SubsetSum,n00100,R01000,s000,100,29017,Greedy,0.0411,28958,False
05SubsetSum,n00100,R01000,s000,100,29017,FPTAS,193.7403,28990,False
05SubsetSum,n00100,R10000,s000,100,289961,BruteForce,,,True
05SubsetSum,n00100,R10000,s000,100,289961,Memoization,,,True
05SubsetSum,n00100,R10000,s000,100,289961,Tabulation,8710.4277,289961,False
05SubsetSum,n00100,R10000,s000,100,289961,SpaceOptimised,6315.6456,289961,False
05SubsetSum,n00100,R10000,s000,100,289961,Greedy,0.0442,289346,False
05SubsetSum,n00100,R10000,s000,100,289961,FPTAS,198.242,289748,False
05SubsetSum,n00200,R01000,s000,200,51563,BruteForce,,,True
05SubsetSum,n00200,R01000,s000,200,51563,Memoization,4355.3974,51563,False
05SubsetSum,n00200,R01000,s000,200,51563,Tabulation,3082.2761,51563,False
05SubsetSum,n00200,R01000,s000,200,51563,SpaceOptimised,2240.8293,51563,False
05SubsetSum,n00200,R01000,s000,200,51563,Greedy,0.0752,51508,False
05SubsetSum,n00200,R01000,s000,200,51563,FPTAS,1362.7633,51536,False
05SubsetSum,n00200,R10000,s000,200,515200,BruteForce,,,True
05SubsetSum,n00200,R10000,s000,200,515200,Memoization,,,True
05SubsetSum,n00200,R10000,s000,200,515200,Tabulation,,,True
05SubsetSum,n00200,R10000,s000,200,515200,SpaceOptimised,22205.1728,515200,False
05SubsetSum,n00200,R10000,s000,200,515200,Greedy,0.1502,514580,False
05SubsetSum,n00200,R10000,s000,200,515200,FPTAS,1441.5815,514987,False
05SubsetSum,n00500,R01000,s000,500,127278,BruteForce,,,True
05SubsetSum,n00500,R01000,s000,500,127278,Memoization,,,True
05SubsetSum,n00500,R01000,s000,500,127278,Tabulation,,,True
05SubsetSum,n00500,R01000,s000,500,127278,SpaceOptimised,13810.3156,127278,False
05SubsetSum,n00500,R01000,s000,500,127278,Greedy,0.2681,127268,False
05SubsetSum,n00500,R01000,s000,500,127278,FPTAS,19989.6577,127278,False
05SubsetSum,n00500,R10000,s000,500,1271685,BruteForce,,,True
05SubsetSum,n00500,R10000,s000,500,1271685,Memoization,,,True
05SubsetSum,n00500,R10000,s000,500,1271685,Tabulation,,,True
05SubsetSum,n00500,R10000,s000,500,1271685,SpaceOptimised,137990.3884,1271685,False
05SubsetSum,n00500,R10000,s000,500,1271685,Greedy,0.3267,1271663,False
05SubsetSum,n00500,R10000,s000,500,1271685,FPTAS,22099.9659,1271433,False
06UncorrelatedWithSimilarWeights,n00050,R01000,s000,50,2476727,BruteForce,,,True
06UncorrelatedWithSimilarWeights,n00050,R01000,s000,50,2476727,Memoization,,,True
06UncorrelatedWithSimilarWeights,n00050,R01000,s000,50,2476727,Tabulation,,,True
06UncorrelatedWithSimilarWeights,n00050,R01000,s000,50,2476727,SpaceOptimised,,,True
06UncorrelatedWithSimilarWeights,n00050,R01000,s000,50,2476727,Greedy,0.0228,19676,False
06UncorrelatedWithSimilarWeights,n00050,R01000,s000,50,2476727,FPTAS,22.9861,19610,False
06UncorrelatedWithSimilarWeights,n00050,R10000,s000,50,2476727,BruteForce,,,True
06UncorrelatedWithSimilarWeights,n00050,R10000,s000,50,2476727,Memoization,,,True
06UncorrelatedWithSimilarWeights,n00050,R10000,s000,50,2476727,Tabulation,,,True
06UncorrelatedWithSimilarWeights,n00050,R10000,s000,50,2476727,SpaceOptimised,,,True
06UncorrelatedWithSimilarWeights,n00050,R10000,s000,50,2476727,Greedy,0.0411,19676,False
06UncorrelatedWithSimilarWeights,n00050,R10000,s000,50,2476727,FPTAS,22.5058,19610,False
06UncorrelatedWithSimilarWeights,n00100,R01000,s000,100,4952745,BruteForce,,,True
06UncorrelatedWithSimilarWeights,n00100,R01000,s000,100,4952745,Memoization,,,True
06UncorrelatedWithSimilarWeights,n00100,R01000,s000,100,4952745,Tabulation,,,True
06UncorrelatedWithSimilarWeights,n00100,R01000,s000,100,4952745,SpaceOptimised,,,True
06UncorrelatedWithSimilarWeights,n00100,R01000,s000,100,4952745,Greedy,0.0395,39791,False
06UncorrelatedWithSimilarWeights,n00100,R01000,s000,100,4952745,FPTAS,203.3392,39730,False
06UncorrelatedWithSimilarWeights,n00100,R10000,s000,100,4952745,BruteForce,,,True
06UncorrelatedWithSimilarWeights,n00100,R10000,s000,100,4952745,Memoization,,,True
06UncorrelatedWithSimilarWeights,n00100,R10000,s000,100,4952745,Tabulation,,,True
06UncorrelatedWithSimilarWeights,n00100,R10000,s000,100,4952745,SpaceOptimised,,,True
06UncorrelatedWithSimilarWeights,n00100,R10000,s000,100,4952745,Greedy,0.0416,39791,False
06UncorrelatedWithSimilarWeights,n00100,R10000,s000,100,4952745,FPTAS,206.0704,39730,False
06UncorrelatedWithSimilarWeights,n00200,R01000,s000,200,9906016,BruteForce,,,True
06UncorrelatedWithSimilarWeights,n00200,R01000,s000,200,9906016,Memoization,,,True
06UncorrelatedWithSimilarWeights,n00200,R01000,s000,200,9906016,Tabulation,,,True
06UncorrelatedWithSimilarWeights,n00200,R01000,s000,200,9906016,SpaceOptimised,,,True
06UncorrelatedWithSimilarWeights,n00200,R01000,s000,200,9906016,Greedy,0.2344,75678,False
06UncorrelatedWithSimilarWeights,n00200,R01000,s000,200,9906016,FPTAS,1399.7617,75613,False
06UncorrelatedWithSimilarWeights,n00200,R10000,s000,200,9906016,BruteForce,,,True
06UncorrelatedWithSimilarWeights,n00200,R10000,s000,200,9906016,Memoization,,,True
06UncorrelatedWithSimilarWeights,n00200,R10000,s000,200,9906016,Tabulation,,,True
06UncorrelatedWithSimilarWeights,n00200,R10000,s000,200,9906016,SpaceOptimised,,,True
06UncorrelatedWithSimilarWeights,n00200,R10000,s000,200,9906016,Greedy,0.0738,75678,False
06UncorrelatedWithSimilarWeights,n00200,R10000,s000,200,9906016,FPTAS,1386.1459,75613,False
06UncorrelatedWithSimilarWeights,n00500,R01000,s000,500,24764323,BruteForce,,,True
06UncorrelatedWithSimilarWeights,n00500,R01000,s000,500,24764323,Memoization,,,True
06UncorrelatedWithSimilarWeights,n00500,R01000,s000,500,24764323,Tabulation,,,True
06UncorrelatedWithSimilarWeights,n00500,R01000,s000,500,24764323,SpaceOptimised,,,True
06UncorrelatedWithSimilarWeights,n00500,R01000,s000,500,24764323,Greedy,0.4166,189769,False
06UncorrelatedWithSimilarWeights,n00500,R01000,s000,500,24764323,FPTAS,21281.5812,189769,False
06UncorrelatedWithSimilarWeights,n00500,R10000,s000,500,24764323,BruteForce,,,True
06UncorrelatedWithSimilarWeights,n00500,R10000,s000,500,24764323,Memoization,,,True
06UncorrelatedWithSimilarWeights,n00500,R10000,s000,500,24764323,Tabulation,,,True
06UncorrelatedWithSimilarWeights,n00500,R10000,s000,500,24764323,SpaceOptimised,,,True
06UncorrelatedWithSimilarWeights,n00500,R10000,s000,500,24764323,Greedy,0.2578,189769,False
06UncorrelatedWithSimilarWeights,n00500,R10000,s000,500,24764323,FPTAS,21291.2798,189769,False
07SpannerUncorrelated,n00050,R01000,s000,50,4569,BruteForce,,,True
07SpannerUncorrelated,n00050,R01000,s000,50,4569,Memoization,53.8919,13472,False
07SpannerUncorrelated,n00050,R01000,s000,50,4569,Tabulation,62.279,13472,False
07SpannerUncorrelated,n00050,R01000,s000,50,4569,SpaceOptimised,43.6655,13472,False
07SpannerUncorrelated,n00050,R01000,s000,50,4569,Greedy,0.0302,13464,False
07SpannerUncorrelated,n00050,R01000,s000,50,4569,FPTAS,24.7867,13416,False
07SpannerUncorrelated,n00050,R10000,s000,50,46338,BruteForce,,,True
07SpannerUncorrelated,n00050,R10000,s000,50,46338,Memoization,147.4258,135733,False
07SpannerUncorrelated,n00050,R10000,s000,50,46338,Tabulation,665.772,135733,False
07SpannerUncorrelated,n00050,R10000,s000,50,46338,SpaceOptimised,464.2419,135733,False
07SpannerUncorrelated,n00050,R10000,s000,50,46338,Greedy,0.077,135122,False
07SpannerUncorrelated,n00050,R10000,s000,50,46338,FPTAS,25.6054,135126,False
07SpannerUncorrelated,n00100,R01000,s000,100,8751,BruteForce,,,True
07SpannerUncorrelated,n00100,R01000,s000,100,8751,Memoization,336.787,24228,False
07SpannerUncorrelated,n00100,R01000,s000,100,8751,Tabulation,264.9614,24228,False
07SpannerUncorrelated,n00100,R01000,s000,100,8751,SpaceOptimised,174.3811,24228,False
07SpannerUncorrelated,n00100,R01000,s000,100,8751,Greedy,0.1115,24228,False
07SpannerUncorrelated,n00100,R01000,s000,100,8751,FPTAS,175.2998,24179,False
07SpannerUncorrelated,n00100,R10000,s000,100,88549,BruteForce,,,True
07SpannerUncorrelated,n00100,R10000,s000,100,88549,Memoization,1348.9398,243893,False
07SpannerUncorrelated,n00100,R10000,s000,100,88549,Tabulation,2627.0923,243893,False
07SpannerUncorrelated,n00100,R10000,s000,100,88549,SpaceOptimised,1944.7722,243893,False
07SpannerUncorrelated,n00100,R10000,s000,100,88549,Greedy,0.055,243815,False
07SpannerUncorrelated,n00100,R10000,s000,100,88549,FPTAS,169.0023,243349,False
07SpannerUncorrelated,n00200,R01000,s000,200,17280,BruteForce,,,True
07SpannerUncorrelated,n00200,R01000,s000,200,17280,Memoization,1444.1489,47836,False
07SpannerUncorrelated,n00200,R01000,s000,200,17280,Tabulation,1040.4559,47836,False
07SpannerUncorrelated,n00200,R01000,s000,200,17280,SpaceOptimised,742.0541,47836,False
07SpannerUncorrelated,n00200,R01000,s000,200,17280,Greedy,0.2899,47836,False
07SpannerUncorrelated,n00200,R01000,s000,200,17280,FPTAS,1357.2794,47789,False
07SpannerUncorrelated,n00200,R10000,s000,200,174844,BruteForce,,,True
07SpannerUncorrelated,n00200,R10000,s000,200,174844,Memoization,,,True
07SpannerUncorrelated,n00200,R10000,s000,200,174844,Tabulation,,,True
07SpannerUncorrelated,n00200,R10000,s000,200,174844,SpaceOptimised,7849.2103,482118,False
07SpannerUncorrelated,n00200,R10000,s000,200,174844,Greedy,0.1991,482118,False
07SpannerUncorrelated,n00200,R10000,s000,200,174844,FPTAS,1438.3359,481560,False
07SpannerUncorrelated,n00500,R01000,s000,500,42900,BruteForce,,,True
07SpannerUncorrelated,n00500,R01000,s000,500,42900,Memoization,,,True
07SpannerUncorrelated,n00500,R01000,s000,500,42900,Tabulation,6939.582,114616,False
07SpannerUncorrelated,n00500,R01000,s000,500,42900,SpaceOptimised,4592.0716,114616,False
07SpannerUncorrelated,n00500,R01000,s000,500,42900,Greedy,0.4066,114608,False
07SpannerUncorrelated,n00500,R01000,s000,500,42900,FPTAS,20939.412,114553,False
07SpannerUncorrelated,n00500,R10000,s000,500,433722,BruteForce,,,True
07SpannerUncorrelated,n00500,R10000,s000,500,433722,Memoization,,,True
07SpannerUncorrelated,n00500,R10000,s000,500,433722,Tabulation,,,True
07SpannerUncorrelated,n00500,R10000,s000,500,433722,SpaceOptimised,47066.2318,1155011,False
07SpannerUncorrelated,n00500,R10000,s000,500,433722,Greedy,0.4174,1154855,False
07SpannerUncorrelated,n00500,R10000,s000,500,433722,FPTAS,21010.7208,1154453,False
08SpannerWeaklyCorrelated,n00050,R01000,s000,50,11459,BruteForce,,,True
08SpannerWeaklyCorrelated,n00050,R01000,s000,50,11459,Memoization,41.9469,10354,False
08SpannerWeaklyCorrelated,n00050,R01000,s000,50,11459,Tabulation,167.5649,10354,False
08SpannerWeaklyCorrelated,n00050,R01000,s000,50,11459,SpaceOptimised,110.4325,10354,False
08SpannerWeaklyCorrelated,n00050,R01000,s000,50,11459,Greedy,0.0605,10310,False
08SpannerWeaklyCorrelated,n00050,R01000,s000,50,11459,FPTAS,18.5288,10324,False
08SpannerWeaklyCorrelated,n00050,R10000,s000,50,115938,BruteForce,,,True
08SpannerWeaklyCorrelated,n00050,R10000,s000,50,115938,Memoization,131.9202,102774,False
08SpannerWeaklyCorrelated,n00050,R10000,s000,50,115938,Tabulation,1666.827,102774,False
08SpannerWeaklyCorrelated,n00050,R10000,s000,50,115938,SpaceOptimised,1197.5698,102774,False
08SpannerWeaklyCorrelated,n00050,R10000,s000,50,115938,Greedy,0.0666,102336,False
08SpannerWeaklyCorrelated,n00050,R10000,s000,50,115938,FPTAS,18.2666,102415,False
08SpannerWeaklyCorrelated,n00100,R01000,s000,100,20835,BruteForce,,,True
08SpannerWeaklyCorrelated,n00100,R01000,s000,100,20835,Memoization,222.8712,20550,False
08SpannerWeaklyCorrelated,n00100,R01000,s000,100,20835,Tabulation,616.9486,20550,False
08SpannerWeaklyCorrelated,n00100,R01000,s000,100,20835,SpaceOptimised,431.2253,20550,False
08SpannerWeaklyCorrelated,n00100,R01000,s000,100,20835,Greedy,0.1021,20550,False
08SpannerWeaklyCorrelated,n00100,R01000,s000,100,20835,FPTAS,144.3614,20550,False
08SpannerWeaklyCorrelated,n00100,R10000,s000,100,210690,BruteForce,,,True
08SpannerWeaklyCorrelated,n00100,R10000,s000,100,210690,Memoization,,,True
08SpannerWeaklyCorrelated,n00100,R10000,s000,100,210690,Tabulation,6199.674,203856,False
08SpannerWeaklyCorrelated,n00100,R10000,s000,100,210690,SpaceOptimised,4525.1277,203856,False
08SpannerWeaklyCorrelated,n00100,R10000,s000,100,210690,Greedy,0.1314,203856,False
08SpannerWeaklyCorrelated,n00100,R10000,s000,100,210690,FPTAS,143.8486,203558,False
08SpannerWeaklyCorrelated,n00200,R01000,s000,200,41138,BruteForce,,,True
08SpannerWeaklyCorrelated,n00200,R01000,s000,200,41138,Memoization,926.003,40575,False
08SpannerWeaklyCorrelated,n00200,R01000,s000,200,41138,Tabulation,2455.9687,40575,False
08SpannerWeaklyCorrelated,n00200,R01000,s000,200,41138,SpaceOptimised,1744.3861,40575,False
08SpannerWeaklyCorrelated,n00200,R01000,s000,200,41138,Greedy,0.1886,40513,False
08SpannerWeaklyCorrelated,n00200,R01000,s000,200,41138,FPTAS,1160.2087,40575,False
08SpannerWeaklyCorrelated,n00200,R10000,s000,200,415993,BruteForce,,,True
08SpannerWeaklyCorrelated,n00200,R10000,s000,200,415993,Memoization,,,True
08SpannerWeaklyCorrelated,n00200,R10000,s000,200,415993,Tabulation,,,True
08SpannerWeaklyCorrelated,n00200,R10000,s000,200,415993,SpaceOptimised,17779.0588,403248,False
08SpannerWeaklyCorrelated,n00200,R10000,s000,200,415993,Greedy,0.2132,402330,False
08SpannerWeaklyCorrelated,n00200,R10000,s000,200,415993,FPTAS,1152.3229,402941,False
08SpannerWeaklyCorrelated,n00500,R01000,s000,500,100079,BruteForce,,,True
08SpannerWeaklyCorrelated,n00500,R01000,s000,500,100079,Memoization,,,True
08SpannerWeaklyCorrelated,n00500,R01000,s000,500,100079,Tabulation,,,True
08SpannerWeaklyCorrelated,n00500,R01000,s000,500,100079,SpaceOptimised,10826.9319,98713,False
08SpannerWeaklyCorrelated,n00500,R01000,s000,500,100079,Greedy,0.2068,98700,False
08SpannerWeaklyCorrelated,n00500,R01000,s000,500,100079,FPTAS,18237.6383,98712,False
08SpannerWeaklyCorrelated,n00500,R10000,s000,500,1011786,BruteForce,,,True
08SpannerWeaklyCorrelated,n00500,R10000,s000,500,1011786,Memoization,,,True
08SpannerWeaklyCorrelated,n00500,R10000,s000,500,1011786,Tabulation,,,True
08SpannerWeaklyCorrelated,n00500,R10000,s000,500,1011786,SpaceOptimised,108411.1532,981336,False
08SpannerWeaklyCorrelated,n00500,R10000,s000,500,1011786,Greedy,0.5706,981336,False
08SpannerWeaklyCorrelated,n00500,R10000,s000,500,1011786,FPTAS,18326.4458,981336,False
09SpannerStronglyCorrelated,n00050,R01000,s000,50,11546,BruteForce,,,True
09SpannerStronglyCorrelated,n00050,R01000,s000,50,11546,Memoization,39.8121,28440,False
09SpannerStronglyCorrelated,n00050,R01000,s000,50,11546,Tabulation,167.3129,28440,False
09SpannerStronglyCorrelated,n00050,R01000,s000,50,11546,SpaceOptimised,120.8753,28440,False
09SpannerStronglyCorrelated,n00050,R01000,s000,50,11546,Greedy,0.0285,28392,False
09SpannerStronglyCorrelated,n00050,R01000,s000,50,11546,FPTAS,26.2904,28434,False
09SpannerStronglyCorrelated,n00050,R10000,s000,50,116813,BruteForce,,,True
09SpannerStronglyCorrelated,n00050,R10000,s000,50,116813,Memoization,130.1339,285753,False
09SpannerStronglyCorrelated,n00050,R10000,s000,50,116813,Tabulation,1736.9978,285753,False
09SpannerStronglyCorrelated,n00050,R10000,s000,50,116813,SpaceOptimised,1226.7496,285753,False
09SpannerStronglyCorrelated,n00050,R10000,s000,50,116813,Greedy,0.0406,285441,False
09SpannerStronglyCorrelated,n00050,R10000,s000,50,116813,FPTAS,25.3655,285525,False
09SpannerStronglyCorrelated,n00100,R01000,s000,100,20956,BruteForce,,,True
09SpannerStronglyCorrelated,n00100,R01000,s000,100,20956,Memoization,232.9633,51656,False
09SpannerStronglyCorrelated,n00100,R01000,s000,100,20956,Tabulation,605.4889,51656,False
09SpannerStronglyCorrelated,n00100,R01000,s000,100,20956,SpaceOptimised,435.3468,51656,False
09SpannerStronglyCorrelated,n00100,R01000,s000,100,20956,Greedy,0.0525,51600,False
09SpannerStronglyCorrelated,n00100,R01000,s000,100,20956,FPTAS,181.4588,51537,False
09SpannerStronglyCorrelated,n00100,R10000,s000,100,211906,BruteForce,,,True
09SpannerStronglyCorrelated,n00100,R10000,s000,100,211906,Memoization,,,True
09SpannerStronglyCorrelated,n00100,R10000,s000,100,211906,Tabulation,6159.3954,518835,False
09SpannerStronglyCorrelated,n00100,R10000,s000,100,211906,SpaceOptimised,4447.3407,518835,False
09SpannerStronglyCorrelated,n00100,R10000,s000,100,211906,Greedy,0.1432,518757,False
09SpannerStronglyCorrelated,n00100,R10000,s000,100,211906,FPTAS,172.0436,517863,False
09SpannerStronglyCorrelated,n00200,R01000,s000,200,41289,BruteForce,,,True
09SpannerStronglyCorrelated,n00200,R01000,s000,200,41289,Memoization,938.9168,101888,False
09SpannerStronglyCorrelated,n00200,R01000,s000,200,41289,Tabulation,2425.011,101888,False
09SpannerStronglyCorrelated,n00200,R01000,s000,200,41289,SpaceOptimised,1733.8495,101888,False
09SpannerStronglyCorrelated,n00200,R01000,s000,200,41289,Greedy,0.1833,101824,False
09SpannerStronglyCorrelated,n00200,R01000,s000,200,41289,FPTAS,1469.4422,101780,False
09SpannerStronglyCorrelated,n00200,R10000,s000,200,417512,BruteForce,,,True
09SpannerStronglyCorrelated,n00200,R10000,s000,200,417512,Memoization,,,True
09SpannerStronglyCorrelated,n00200,R10000,s000,200,417512,Tabulation,,,True
09SpannerStronglyCorrelated,n00200,R10000,s000,200,417512,SpaceOptimised,17826.6529,1022469,False
09SpannerStronglyCorrelated,n00200,R10000,s000,200,417512,Greedy,0.1713,1021923,False
09SpannerStronglyCorrelated,n00200,R10000,s000,200,417512,FPTAS,1444.2494,1021303,False
09SpannerStronglyCorrelated,n00500,R01000,s000,500,99998,BruteForce,,,True
09SpannerStronglyCorrelated,n00500,R01000,s000,500,99998,Memoization,,,True
09SpannerStronglyCorrelated,n00500,R01000,s000,500,99998,Tabulation,,,True
09SpannerStronglyCorrelated,n00500,R01000,s000,500,99998,SpaceOptimised,10711.0789,245192,False
09SpannerStronglyCorrelated,n00500,R01000,s000,500,99998,Greedy,0.2113,245128,False
09SpannerStronglyCorrelated,n00500,R01000,s000,500,99998,FPTAS,21939.134,245096,False
09SpannerStronglyCorrelated,n00500,R10000,s000,500,1010955,BruteForce,,,True
09SpannerStronglyCorrelated,n00500,R10000,s000,500,1010955,Memoization,,,True
09SpannerStronglyCorrelated,n00500,R10000,s000,500,1010955,Tabulation,,,True
09SpannerStronglyCorrelated,n00500,R10000,s000,500,1010955,SpaceOptimised,108183.2157,2460906,False
09SpannerStronglyCorrelated,n00500,R10000,s000,500,1010955,Greedy,0.4239,2460516,False
09SpannerStronglyCorrelated,n00500,R10000,s000,500,1010955,FPTAS,21862.0815,2459778,False
10MultipleStronglyCorrelated,n00050,R01000,s000,50,14238,BruteForce,,,True
10MultipleStronglyCorrelated,n00050,R01000,s000,50,14238,Memoization,195.9349,21338,False
10MultipleStronglyCorrelated,n00050,R01000,s000,50,14238,Tabulation,201.9173,21338,False
10MultipleStronglyCorrelated,n00050,R01000,s000,50,14238,SpaceOptimised,142.5137,21338,False
10MultipleStronglyCorrelated,n00050,R01000,s000,50,14238,Greedy,0.0514,20976,False
10MultipleStronglyCorrelated,n00050,R01000,s000,50,14238,FPTAS,30.3661,21252,False
10MultipleStronglyCorrelated,n00050,R10000,s000,50,142278,BruteForce,,,True
10MultipleStronglyCorrelated,n00050,R10000,s000,50,142278,Memoization,2231.0721,217265,False
10MultipleStronglyCorrelated,n00050,R10000,s000,50,142278,Tabulation,2043.1136,217265,False
10MultipleStronglyCorrelated,n00050,R10000,s000,50,142278,SpaceOptimised,1497.3205,217265,False
10MultipleStronglyCorrelated,n00050,R10000,s000,50,142278,Greedy,0.0529,215887,False
10MultipleStronglyCorrelated,n00050,R10000,s000,50,142278,FPTAS,27.76,216215,False
10MultipleStronglyCorrelated,n00100,R01000,s000,100,29016,BruteForce,,,True
10MultipleStronglyCorrelated,n00100,R01000,s000,100,29016,Memoization,1224.8345,43316,False
10MultipleStronglyCorrelated,n00100,R01000,s000,100,29016,Tabulation,863.204,43316,False
10MultipleStronglyCorrelated,n00100,R01000,s000,100,29016,SpaceOptimised,605.4946,43316,False
10MultipleStronglyCorrelated,n00100,R01000,s000,100,29016,Greedy,0.0931,42912,False
10MultipleStronglyCorrelated,n00100,R01000,s000,100,29016,FPTAS,243.9496,43228,False
10MultipleStronglyCorrelated,n00100,R10000,s000,100,289956,BruteForce,,,True
10MultipleStronglyCorrelated,n00100,R10000,s000,100,289956,Memoization,,,True
10MultipleStronglyCorrelated,n00100,R10000,s000,100,289956,Tabulation,8567.3879,434921,False
10MultipleStronglyCorrelated,n00100,R10000,s000,100,289956,SpaceOptimised,6123.5794,434921,False
10MultipleStronglyCorrelated,n00100,R10000,s000,100,289956,Greedy,0.1396,433805,False
10MultipleStronglyCorrelated,n00100,R10000,s000,100,289956,FPTAS,218.8979,433875,False
10MultipleStronglyCorrelated,n00200,R01000,s000,200,51558,BruteForce,,,True
10MultipleStronglyCorrelated,n00200,R01000,s000,200,51558,Memoization,4259.3657,81658,False
10MultipleStronglyCorrelated,n00200,R01000,s000,200,51558,Tabulation,3011.1837,81658,False
10MultipleStronglyCorrelated,n00200,R01000,s000,200,51558,SpaceOptimised,2174.793,81658,False
10MultipleStronglyCorrelated,n00200,R01000,s000,200,51558,Greedy,0.2413,81069,False
10MultipleStronglyCorrelated,n00200,R01000,s000,200,51558,FPTAS,1791.1401,81552,False
10MultipleStronglyCorrelated,n00200,R10000,s000,200,515196,BruteForce,,,True
10MultipleStronglyCorrelated,n00200,R10000,s000,200,515196,Memoization,,,True
10MultipleStronglyCorrelated,n00200,R10000,s000,200,515196,Tabulation,,,True
10MultipleStronglyCorrelated,n00200,R10000,s000,200,515196,SpaceOptimised,22290.552,813196,False
10MultipleStronglyCorrelated,n00200,R10000,s000,200,515196,Greedy,0.2326,807561,False
10MultipleStronglyCorrelated,n00200,R10000,s000,200,515196,FPTAS,1768.7369,812044,False
10MultipleStronglyCorrelated,n00500,R01000,s000,500,127278,BruteForce,,,True
10MultipleStronglyCorrelated,n00500,R01000,s000,500,127278,Memoization,,,True
10MultipleStronglyCorrelated,n00500,R01000,s000,500,127278,Tabulation,,,True
10MultipleStronglyCorrelated,n00500,R01000,s000,500,127278,SpaceOptimised,13668.2495,203778,False
10MultipleStronglyCorrelated,n00500,R01000,s000,500,127278,Greedy,0.7762,203068,False
10MultipleStronglyCorrelated,n00500,R01000,s000,500,127278,FPTAS,27192.2138,203677,False
10MultipleStronglyCorrelated,n00500,R10000,s000,500,1271682,BruteForce,,,True
10MultipleStronglyCorrelated,n00500,R10000,s000,500,1271682,Memoization,,,True
10MultipleStronglyCorrelated,n00500,R10000,s000,500,1271682,Tabulation,,,True
10MultipleStronglyCorrelated,n00500,R10000,s000,500,1271682,SpaceOptimised,136174.1217,2034682,False
10MultipleStronglyCorrelated,n00500,R10000,s000,500,1271682,Greedy,0.4388,2027962,False
10MultipleStronglyCorrelated,n00500,R10000,s000,500,1271682,FPTAS,27197.3297,2033585,False
11ProfitCeiling,n00050,R01000,s000,50,14239,BruteForce,,,True
11ProfitCeiling,n00050,R01000,s000,50,14239,Memoization,193.2581,14229,False
11ProfitCeiling,n00050,R01000,s000,50,14239,Tabulation,203.6798,14229,False
11ProfitCeiling,n00050,R01000,s000,50,14239,SpaceOptimised,139.8182,14229,False
11ProfitCeiling,n00050,R01000,s000,50,14239,Greedy,0.0508,14190,False
11ProfitCeiling,n00050,R01000,s000,50,14239,FPTAS,24.2921,14195,False
11ProfitCeiling,n00050,R10000,s000,50,142283,BruteForce,,,True
11ProfitCeiling,n00050,R10000,s000,50,142283,Memoization,2242.4641,142272,False
11ProfitCeiling,n00050,R10000,s000,50,142283,Tabulation,2087.0866,142272,False
11ProfitCeiling,n00050,R10000,s000,50,142283,SpaceOptimised,1480.8846,142272,False
11ProfitCeiling,n00050,R10000,s000,50,142283,Greedy,0.0652,142254,False
11ProfitCeiling,n00050,R10000,s000,50,142283,FPTAS,24.8511,141965,False
11ProfitCeiling,n00100,R01000,s000,100,29017,BruteForce,,,True
11ProfitCeiling,n00100,R01000,s000,100,29017,Memoization,1241.8457,29001,False
11ProfitCeiling,n00100,R01000,s000,100,29017,Tabulation,853.9683,29001,False
11ProfitCeiling,n00100,R01000,s000,100,29017,SpaceOptimised,598.5344,29001,False
11ProfitCeiling,n00100,R01000,s000,100,29017,Greedy,0.0633,29001,False
11ProfitCeiling,n00100,R01000,s000,100,29017,FPTAS,199.8156,28956,False
11ProfitCeiling,n00100,R10000,s000,100,289961,BruteForce,,,True
11ProfitCeiling,n00100,R10000,s000,100,289961,Memoization,,,True
11ProfitCeiling,n00100,R10000,s000,100,289961,Tabulation,8824.605,289947,False
11ProfitCeiling,n00100,R10000,s000,100,289961,SpaceOptimised,6248.0314,289947,False
11ProfitCeiling,n00100,R10000,s000,100,289961,Greedy,0.13,289536,False
11ProfitCeiling,n00100,R10000,s000,100,289961,FPTAS,205.8141,289699,False
11ProfitCeiling,n00200,R01000,s000,200,51563,BruteForce,,,True
11ProfitCeiling,n00200,R01000,s000,200,51563,Memoization,4313.5994,51540,False
11ProfitCeiling,n00200,R01000,s000,200,51563,Tabulation,3103.3733,51540,False
11ProfitCeiling,n00200,R01000,s000,200,51563,SpaceOptimised,2168.7231,51540,False
11ProfitCeiling,n00200,R01000,s000,200,51563,Greedy,0.1765,51537,False
11ProfitCeiling,n00200,R01000,s000,200,51563,FPTAS,1449.6945,51493,False
11ProfitCeiling,n00200,R10000,s000,200,515200,BruteForce,,,True
11ProfitCeiling,n00200,R10000,s000,200,515200,Memoization,,,True
11ProfitCeiling,n00200,R10000,s000,200,515200,Tabulation,,,True
11ProfitCeiling,n00200,R10000,s000,200,515200,SpaceOptimised,22120.4591,515169,False
11ProfitCeiling,n00200,R10000,s000,200,515200,Greedy,0.1057,515127,False
11ProfitCeiling,n00200,R10000,s000,200,515200,FPTAS,1429.5548,514912,False
11ProfitCeiling,n00500,R01000,s000,500,127278,BruteForce,,,True
11ProfitCeiling,n00500,R01000,s000,500,127278,Memoization,,,True
11ProfitCeiling,n00500,R01000,s000,500,127278,Tabulation,,,True
11ProfitCeiling,n00500,R01000,s000,500,127278,SpaceOptimised,13904.1014,127239,False
11ProfitCeiling,n00500,R01000,s000,500,127278,Greedy,0.6775,127236,False
11ProfitCeiling,n00500,R01000,s000,500,127278,FPTAS,21635.9274,127180,False
11ProfitCeiling,n00500,R10000,s000,500,1271685,BruteForce,,,True
11ProfitCeiling,n00500,R10000,s000,500,1271685,Memoization,,,True
11ProfitCeiling,n00500,R10000,s000,500,1271685,Tabulation,,,True
11ProfitCeiling,n00500,R10000,s000,500,1271685,SpaceOptimised,137646.7998,1271616,False
11ProfitCeiling,n00500,R10000,s000,500,1271685,Greedy,0.247,1271598,False
11ProfitCeiling,n00500,R10000,s000,500,1271685,FPTAS,22182.003,1271274,False
12Circle,n00050,R01000,s000,50,14239,BruteForce,,,True
12Circle,n00050,R01000,s000,50,14239,Memoization,199.4441,300031,False
12Circle,n00050,R01000,s000,50,14239,Tabulation,201.6042,300031,False
12Circle,n00050,R01000,s000,50,14239,SpaceOptimised,143.3204,300031,False
12Circle,n00050,R01000,s000,50,14239,Greedy,0.0656,299715,False
12Circle,n00050,R01000,s000,50,14239,FPTAS,22.6104,299302,False
12Circle,n00050,R10000,s000,50,142283,BruteForce,,,True
12Circle,n00050,R10000,s000,50,142283,Memoization,2296.1701,9485054,False
12Circle,n00050,R10000,s000,50,142283,Tabulation,2112.5697,9485054,False
12Circle,n00050,R10000,s000,50,142283,SpaceOptimised,1490.6644,9485054,False
12Circle,n00050,R10000,s000,50,142283,Greedy,0.0273,9484520,False
12Circle,n00050,R10000,s000,50,142283,FPTAS,23.449,9463887,False
12Circle,n00100,R01000,s000,100,29017,BruteForce,,,True
12Circle,n00100,R01000,s000,100,29017,Memoization,1267.5601,611418,False
12Circle,n00100,R01000,s000,100,29017,Tabulation,864.8205,611418,False
12Circle,n00100,R01000,s000,100,29017,SpaceOptimised,616.7079,611418,False
12Circle,n00100,R01000,s000,100,29017,Greedy,0.0488,611313,False
12Circle,n00100,R01000,s000,100,29017,FPTAS,188.1705,610860,False
12Circle,n00100,R10000,s000,100,289961,BruteForce,,,True
12Circle,n00100,R10000,s000,100,289961,Memoization,,,True
12Circle,n00100,R10000,s000,100,289961,Tabulation,8834.41,19329757,False
12Circle,n00100,R10000,s000,100,289961,SpaceOptimised,6192.1524,19329757,False
12Circle,n00100,R10000,s000,100,289961,Greedy,0.1282,19325290,False
12Circle,n00100,R10000,s000,100,289961,FPTAS,193.4665,19315607,False
12Circle,n00200,R01000,s000,200,51563,BruteForce,,,True
12Circle,n00200,R01000,s000,200,51563,Memoization,4257.7369,1086483,False
12Circle,n00200,R01000,s000,200,51563,Tabulation,3087.0382,1086483,False
12Circle,n00200,R01000,s000,200,51563,SpaceOptimised,2206.1302,1086483,False
12Circle,n00200,R01000,s000,200,51563,Greedy,0.1636,1086483,False
12Circle,n00200,R01000,s000,200,51563,FPTAS,1344.1474,1085929,False
12Circle,n00200,R10000,s000,200,515200,BruteForce,,,True
12Circle,n00200,R10000,s000,200,515200,Memoization,,,True
12Circle,n00200,R10000,s000,200,515200,Tabulation,,,True
12Circle,n00200,R10000,s000,200,515200,SpaceOptimised,22271.4878,34344928,False
12Circle,n00200,R10000,s000,200,515200,Greedy,0.1931,34341993,False
12Circle,n00200,R10000,s000,200,515200,FPTAS,1490.6098,34330740,False
12Circle,n00500,R01000,s000,500,127278,BruteForce,,,True
12Circle,n00500,R01000,s000,500,127278,Memoization,,,True
12Circle,n00500,R01000,s000,500,127278,Tabulation,,,True
12Circle,n00500,R01000,s000,500,127278,SpaceOptimised,14287.9772,2681868,False
12Circle,n00500,R01000,s000,500,127278,Greedy,0.438,2681847,False
12Circle,n00500,R01000,s000,500,127278,FPTAS,20976.5093,2681010,False
12Circle,n00500,R10000,s000,500,1271685,BruteForce,,,True
12Circle,n00500,R10000,s000,500,1271685,Memoization,,,True
12Circle,n00500,R10000,s000,500,1271685,Tabulation,,,True
12Circle,n00500,R10000,s000,500,1271685,SpaceOptimised,138439.0337,84774716,False
12Circle,n00500,R10000,s000,500,1271685,Greedy,0.467,84774647,False
12Circle,n00500,R10000,s000,500,1271685,FPTAS,22303.6547,84758024,False
13Synthetic,n00005,R01000,s000,5,121,BruteForce,0.0027,0,False
13Synthetic,n00005,R01000,s000,5,121,Memoization,0.0678,0,False
13Synthetic,n00005,R01000,s000,5,121,Tabulation,0.0756,0,False
13Synthetic,n00005,R01000,s000,5,121,SpaceOptimised,0.0044,0,False
13Synthetic,n00005,R01000,s000,5,121,Greedy,0.0079,0,False
13Synthetic,n00005,R01000,s000,5,121,FPTAS,0.0266,0,False
13Synthetic,n00005,R01000,s001,5,115,BruteForce,0.0021,0,False
13Synthetic,n00005,R01000,s001,5,115,Memoization,0.0172,0,False
13Synthetic,n00005,R01000,s001,5,115,Tabulation,0.0391,0,False
13Synthetic,n00005,R01000,s001,5,115,SpaceOptimised,0.0051,0,False
13Synthetic,n00005,R01000,s001,5,115,Greedy,0.0077,0,False
13Synthetic,n00005,R01000,s001,5,115,FPTAS,0.0505,0,False
13Synthetic,n00005,R01000,s002,5,50,BruteForce,0.0018,0,False
13Synthetic,n00005,R01000,s002,5,50,Memoization,0.0073,0,False
13Synthetic,n00005,R01000,s002,5,50,Tabulation,0.0211,0,False
13Synthetic,n00005,R01000,s002,5,50,SpaceOptimised,0.0024,0,False
13Synthetic,n00005,R01000,s002,5,50,Greedy,0.0049,0,False
13Synthetic,n00005,R01000,s002,5,50,FPTAS,0.0508,0,False
13Synthetic,n00008,R01000,s000,8,211,BruteForce,0.0031,0,False
13Synthetic,n00008,R01000,s000,8,211,Memoization,0.0136,0,False
13Synthetic,n00008,R01000,s000,8,211,Tabulation,0.1457,0,False
13Synthetic,n00008,R01000,s000,8,211,SpaceOptimised,0.0077,0,False
13Synthetic,n00008,R01000,s000,8,211,Greedy,0.0089,0,False
13Synthetic,n00008,R01000,s000,8,211,FPTAS,0.094,0,False
13Synthetic,n00008,R01000,s001,8,204,BruteForce,0.0056,64,False
13Synthetic,n00008,R01000,s001,8,204,Memoization,0.0202,64,False
13Synthetic,n00008,R01000,s001,8,204,Tabulation,0.1996,64,False
13Synthetic,n00008,R01000,s001,8,204,SpaceOptimised,0.0257,64,False
13Synthetic,n00008,R01000,s001,8,204,Greedy,0.0077,64,False
13Synthetic,n00008,R01000,s001,8,204,FPTAS,0.1182,61,False
13Synthetic,n00008,R01000,s002,8,160,BruteForce,0.0038,22,False
13Synthetic,n00008,R01000,s002,8,160,Memoization,0.0711,22,False
13Synthetic,n00008,R01000,s002,8,160,Tabulation,0.1225,22,False
13Synthetic,n00008,R01000,s002,8,160,SpaceOptimised,0.0439,22,False
13Synthetic,n00008,R01000,s002,8,160,Greedy,0.0114,22,False
13Synthetic,n00008,R01000,s002,8,160,FPTAS,0.1002,20,False
13Synthetic,n00010,R01000,s000,10,262,BruteForce,0.0076,63,False
13Synthetic,n00010,R01000,s000,10,262,Memoization,0.0197,63,False
13Synthetic,n00010,R01000,s000,10,262,Tabulation,0.3027,63,False
13Synthetic,n00010,R01000,s000,10,262,SpaceOptimised,0.083,63,False
13Synthetic,n00010,R01000,s000,10,262,Greedy,0.0092,63,False
13Synthetic,n00010,R01000,s000,10,262,FPTAS,0.1576,61,False
13Synthetic,n00010,R01000,s001,10,264,BruteForce,0.0068,97,False
13Synthetic,n00010,R01000,s001,10,264,Memoization,0.018,97,False
13Synthetic,n00010,R01000,s001,10,264,Tabulation,0.2231,97,False
13Synthetic,n00010,R01000,s001,10,264,SpaceOptimised,0.0743,97,False
13Synthetic,n00010,R01000,s001,10,264,Greedy,0.0082,97,False
13Synthetic,n00010,R01000,s001,10,264,FPTAS,0.1265,95,False
13Synthetic,n00010,R01000,s002,10,216,BruteForce,0.0047,106,False
13Synthetic,n00010,R01000,s002,10,216,Memoization,0.0157,106,False
13Synthetic,n00010,R01000,s002,10,216,Tabulation,0.163,106,False
13Synthetic,n00010,R01000,s002,10,216,SpaceOptimised,0.0401,106,False
13Synthetic,n00010,R01000,s002,10,216,Greedy,0.0064,106,False
13Synthetic,n00010,R01000,s002,10,216,FPTAS,0.1185,104,False
13Synthetic,n00012,R01000,s000,12,322,BruteForce,0.0108,102,False
13Synthetic,n00012,R01000,s000,12,322,Memoization,0.0235,102,False
13Synthetic,n00012,R01000,s000,12,322,Tabulation,0.3582,102,False
13Synthetic,n00012,R01000,s000,12,322,SpaceOptimised,0.1333,102,False
13Synthetic,n00012,R01000,s000,12,322,Greedy,0.0064,102,False
13Synthetic,n00012,R01000,s000,12,322,FPTAS,0.2278,100,False
13Synthetic,n00012,R01000,s001,12,330,BruteForce,0.006,171,False
13Synthetic,n00012,R01000,s001,12,330,Memoization,0.0199,171,False
13Synthetic,n00012,R01000,s001,12,330,Tabulation,0.3392,171,False
13Synthetic,n00012,R01000,s001,12,330,SpaceOptimised,0.1081,171,False
13Synthetic,n00012,R01000,s001,12,330,Greedy,0.0096,131,False
13Synthetic,n00012,R01000,s001,12,330,FPTAS,0.2586,169,False
13Synthetic,n00012,R01000,s002,12,269,BruteForce,0.0042,55,False
13Synthetic,n00012,R01000,s002,12,269,Memoization,0.0217,55,False
13Synthetic,n00012,R01000,s002,12,269,Tabulation,0.2599,55,False
13Synthetic,n00012,R01000,s002,12,269,SpaceOptimised,0.0591,55,False
13Synthetic,n00012,R01000,s002,12,269,Greedy,0.0072,55,False
13Synthetic,n00012,R01000,s002,12,269,FPTAS,0.1815,53,False
13Synthetic,n00015,R01000,s000,15,378,BruteForce,0.0167,163,False
13Synthetic,n00015,R01000,s000,15,378,Memoization,0.0514,163,False
13Synthetic,n00015,R01000,s000,15,378,Tabulation,0.7353,163,False
13Synthetic,n00015,R01000,s000,15,378,SpaceOptimised,0.2101,163,False
13Synthetic,n00015,R01000,s000,15,378,Greedy,0.0108,163,False
13Synthetic,n00015,R01000,s000,15,378,FPTAS,0.463,161,False
13Synthetic,n00015,R01000,s001,15,382,BruteForce,0.0118,139,False
13Synthetic,n00015,R01000,s001,15,382,Memoization,0.0307,139,False
13Synthetic,n00015,R01000,s001,15,382,Tabulation,0.5358,139,False
13Synthetic,n00015,R01000,s001,15,382,SpaceOptimised,0.1687,139,False
13Synthetic,n00015,R01000,s001,15,382,Greedy,0.0097,139,False
13Synthetic,n00015,R01000,s001,15,382,FPTAS,0.4583,137,False
13Synthetic,n00015,R01000,s002,15,353,BruteForce,0.0053,88,False
13Synthetic,n00015,R01000,s002,15,353,Memoization,0.0203,88,False
13Synthetic,n00015,R01000,s002,15,353,Tabulation,0.3565,88,False
13Synthetic,n00015,R01000,s002,15,353,SpaceOptimised,0.0498,88,False
13Synthetic,n00015,R01000,s002,15,353,Greedy,0.0079,88,False
13Synthetic,n00015,R01000,s002,15,353,FPTAS,0.4294,87,False
13Synthetic,n00018,R01000,s000,18,454,BruteForce,0.0219,142,False
13Synthetic,n00018,R01000,s000,18,454,Memoization,0.0439,142,False
13Synthetic,n00018,R01000,s000,18,454,Tabulation,0.8301,142,False
13Synthetic,n00018,R01000,s000,18,454,SpaceOptimised,0.2925,142,False
13Synthetic,n00018,R01000,s000,18,454,Greedy,0.0079,142,False
13Synthetic,n00018,R01000,s000,18,454,FPTAS,0.8329,138,False
13Synthetic,n00018,R01000,s001,18,437,BruteForce,0.1325,207,False
13Synthetic,n00018,R01000,s001,18,437,Memoization,0.159,207,False
13Synthetic,n00018,R01000,s001,18,437,Tabulation,0.9346,207,False
13Synthetic,n00018,R01000,s001,18,437,SpaceOptimised,0.4152,207,False
13Synthetic,n00018,R01000,s001,18,437,Greedy,0.009,207,False
13Synthetic,n00018,R01000,s001,18,437,FPTAS,0.8306,202,False
13Synthetic,n00018,R01000,s002,18,432,BruteForce,0.02,174,False
13Synthetic,n00018,R01000,s002,18,432,Memoization,0.0518,174,False
13Synthetic,n00018,R01000,s002,18,432,Tabulation,0.671,174,False
13Synthetic,n00018,R01000,s002,18,432,SpaceOptimised,0.1881,174,False
13Synthetic,n00018,R01000,s002,18,432,Greedy,0.0091,174,False
13Synthetic,n00018,R01000,s002,18,432,FPTAS,0.837,171,False
13Synthetic,n00020,R01000,s000,20,500,BruteForce,0.0391,224,False
13Synthetic,n00020,R01000,s000,20,500,Memoization,0.0787,224,False
13Synthetic,n00020,R01000,s000,20,500,Tabulation,1.1927,224,False
13Synthetic,n00020,R01000,s000,20,500,SpaceOptimised,0.6546,224,False
13Synthetic,n00020,R01000,s000,20,500,Greedy,0.0172,224,False
13Synthetic,n00020,R01000,s000,20,500,FPTAS,1.3088,222,False
13Synthetic,n00020,R01000,s001,20,525,BruteForce,0.2191,413,False
13Synthetic,n00020,R01000,s001,20,525,Memoization,0.3271,413,False
13Synthetic,n00020,R01000,s001,20,525,Tabulation,1.3758,413,False
13Synthetic,n00020,R01000,s001,20,525,SpaceOptimised,0.6526,413,False
13Synthetic,n00020,R01000,s001,20,525,Greedy,0.0107,413,False
13Synthetic,n00020,R01000,s001,20,525,FPTAS,1.2263,409,False
13Synthetic,n00020,R01000,s002,20,504,BruteForce,0.0363,126,False
13Synthetic,n00020,R01000,s002,20,504,Memoization,0.0672,126,False
13Synthetic,n00020,R01000,s002,20,504,Tabulation,0.9388,126,False
13Synthetic,n00020,R01000,s002,20,504,SpaceOptimised,0.3202,126,False
13Synthetic,n00020,R01000,s002,20,504,Greedy,0.0098,126,False
13Synthetic,n00020,R01000,s002,20,504,FPTAS,1.2939,124,False
13Synthetic,n00022,R01000,s000,22,551,BruteForce,0.051,173,False
13Synthetic,n00022,R01000,s000,22,551,Memoization,0.1072,173,False
13Synthetic,n00022,R01000,s000,22,551,Tabulation,1.2303,173,False
13Synthetic,n00022,R01000,s000,22,551,SpaceOptimised,0.4812,173,False
13Synthetic,n00022,R01000,s000,22,551,Greedy,0.0107,173,False
13Synthetic,n00022,R01000,s000,22,551,FPTAS,1.5991,171,False
13Synthetic,n00022,R01000,s001,22,575,BruteForce,0.2479,295,False
13Synthetic,n00022,R01000,s001,22,575,Memoization,0.2813,295,False
13Synthetic,n00022,R01000,s001,22,575,Tabulation,1.5596,295,False
13Synthetic,n00022,R01000,s001,22,575,SpaceOptimised,0.8067,295,False
13Synthetic,n00022,R01000,s001,22,575,Greedy,0.0257,295,False
13Synthetic,n00022,R01000,s001,22,575,FPTAS,1.6165,292,False
13Synthetic,n00022,R01000,s002,22,561,BruteForce,0.0772,260,False
13Synthetic,n00022,R01000,s002,22,561,Memoization,0.1393,260,False
13Synthetic,n00022,R01000,s002,22,561,Tabulation,1.302,260,False
13Synthetic,n00022,R01000,s002,22,561,SpaceOptimised,0.5385,260,False
13Synthetic,n00022,R01000,s002,22,561,Greedy,0.0109,260,False
13Synthetic,n00022,R01000,s002,22,561,FPTAS,1.6913,258,False
13Synthetic,n00025,R01000,s000,25,645,BruteForce,0.0749,260,False
13Synthetic,n00025,R01000,s000,25,645,Memoization,0.249,260,False
13Synthetic,n00025,R01000,s000,25,645,Tabulation,1.8666,260,False
13Synthetic,n00025,R01000,s000,25,645,SpaceOptimised,0.8713,260,False
13Synthetic,n00025,R01000,s000,25,645,Greedy,0.013,247,False
13Synthetic,n00025,R01000,s000,25,645,FPTAS,2.4396,258,False
13Synthetic,n00025,R01000,s001,25,666,BruteForce,0.6356,482,False
13Synthetic,n00025,R01000,s001,25,666,Memoization,0.6266,482,False
13Synthetic,n00025,R01000,s001,25,666,Tabulation,2.5019,482,False
13Synthetic,n00025,R01000,s001,25,666,SpaceOptimised,1.1567,482,False
13Synthetic,n00025,R01000,s001,25,666,Greedy,0.0174,482,False
13Synthetic,n00025,R01000,s001,25,666,FPTAS,2.5742,477,False
13Synthetic,n00025,R01000,s002,25,657,BruteForce,0.5923,339,False
13Synthetic,n00025,R01000,s002,25,657,Memoization,0.5945,339,False
13Synthetic,n00025,R01000,s002,25,657,Tabulation,2.2755,339,False
13Synthetic,n00025,R01000,s002,25,657,SpaceOptimised,1.1851,339,False
13Synthetic,n00025,R01000,s002,25,657,Greedy,0.0124,339,False
13Synthetic,n00025,R01000,s002,25,657,FPTAS,2.6453,336,False
